NAME,EXPERIENCE_KEY
Smile Brands Group,answerstemplate
SKILLS DEVELOPMENT SCOTLAND,my_world_answers
CGH Medical Center,cghanswers
Broadcom Corporation,broadcom-marketing-answers
Pegasystems Inc,acquia-answers
Houston First Corporation,houston-answers
TRENORD SRL,trenord-answers_english
Peugeot Motor Company PLC,peugeot
IHA,ihaconfig
"Ahold U.S.A., Inc.",stop--shop-answers
First-Citizens Bank & Trust Company,retail_experience
Club Fitness,answers
Guzman y Gomez (Holdings) Pty Ltd,gyg-answers
Instituto de Empresa,ed-ieedu
Singing River Health System Foundation,answers
Penn Mutual,penn_mutual
"Wendy's International, LLC",wendys_answers_experience
Prosperity Bank,prosperity-bank-answers
McKesson,mckesson-answers
Bojangles Restaurants (Active Account),bojangles-answers
"WW International, Inc.",ww-answers-ca
Sinclair Oil Corporation,SinclairAnswers
Reachdesk,answers-help-site
Zag Interactive on behalf of Coastal Credit Union,faqs
Sikich,answers
Aspen Dental,aspen_dental_answers
Vanderbilt University Medical Center,answers-faqs
Morgan Properties,morgan-properties-answers
Focus Brands,moes-answers
Bankers Life and Casualty Company,optavise-answers
Woworks,saladworks
Baptist Health South Florida Inc,bhsf_full_config
Amerant Bank,amerant-bank-answers
1st Security Bank,answers
Parker University,answers_parker_university
Conway Regional Health System,answers
"Texas Disposal Systems, Inc.",tds_answers
State of Alabama Government,al-gov-doh
The Mount Sinai Hospital,mtsinai_full_config
Select Comfort Corporation,sleepnumberanswers
F.N.B. Corporation,fnb-answers
RSM US,answers
Advanced Solutions International,answers-help-site
UNC Health Care System,answers-multi-hop-test
"Consumer Safety Technology, LLC",intoxalock_answers
"Academy Bank, N.A.",armed-forces-answers
Asda Stores Limited,george-answers
UC San Diego Health System,uc-san-diego-taxonomy-answers
Kind Lending,3440027
World Insurance Associates,world-insurance-associates-answers
"Anheuser-Busch Companies, LLC",answers-starter
"CASIO COMPUTER CO., LTD.",gshock-answers-us
First Financial Bank,firstfinancial-answers
Florida Orthopaedic Institute,answers
First State Bank,fsb-answers
Advanced Urology,advancedurologyanswers
Hutchison 3g UK Ltd,threeconfig
Zag Interactive on behalf of Coastal Credit Union,answers
Harvest Right,harvest-right-answers
"Parkview Health System, Inc.",parkview-answers
Cedars-Sinai Medical Center,find-a-doctor-production
Revlon Consumer Products Corporation,answers-canada
"American Eagle Outfitters, Inc",answers_starter
Telefonica (O2) UK Ltd,consumer-answers
L'Oreal PPD,pureology-locator
"24 Hour Fitness USA, LLC.",24-hour-fitness-answers
Yext,ideas-board
Yext,yext-help-hitchhikers
US Digestive Health,USDigestiveAnswers
Campbell Soup Company,v8_answers
Focus Brands,auntie-annes-answers
The Universal Church Inc,universal-church-answers
"Beacon Health System, Inc.",beacon_health_answers
Premier Bank,answers
West Michigan Dermatology,WesternMichiganDermatologyAnswers
Nobilia-Werke J. Stickling GmbH & Co. KG,answers
"Thryv, Inc (ENT)",answers-help-site
Kaseya,answers-help-site
Altice USA,kdb-answers
Northwest Bank,northwest-bank-answers
Churchill Mortgage,churchill_mortgage_answers
Heritage Bank WA,heritage_answers
"Romeo's Pizza Franchise, LLC",romeosanswersconfig
"Strategic Education, Inc.",answers_sei
Wilkes University,wilkes_university_answers
Cricket Wireless,cricket-wireless-answers
Compeer Financial,compeer-financial-answers
"Zuffa, LLC",answers-en
Summit Broadband,answers-help-site
Counter Brands LLC,answers-help-site-internal
Barnum Financial,barnum-answers
"Checkers Drive-In Restaurants, Inc",checkers_answers
Alpine Bank,alpine_answers
Marston's PLC,answers-marstons-inns
Northern Trust,northerntrust
Medical University Hospital Authority,MUSC_answers
Cox Communications,cox_residential_answers
First Command Financial Services,first-command-answers
Memorial Health System,answers
State Department,state_department_config
"Dyson, Inc.",answers-help-site
Trane Technologies,answers-supply
Abbyy,answers-help-site
16 Handles,16handles
"Piedmont Healthcare, Inc.",answers
"Goodwill Industries of San Francisco, San Mateo, and Marin Counties, Inc.",sfgoodwill
Booz Allen Hamilton,booz-allen-hamilton-answers
Beacon Credit Union,answers
"Investors Bancorp, Inc.",investors_bancorp_answers
Trane Technologies,answers
The Baltimore Life Insurance Company,baltimore-life-answers-experience
Associa Homeowner Association,associa-hoa-answers
Campbell Soup Company,pretzel_crisps_answers
Ridgewood Savings Bank,ridgewood-experience-qa
Cody Regional Health,codyregional
"Chick-fil-A, Inc.",cfa-faq-experience
Diageo Great Britain Ltd,answers
Cook Children's Medical Centers,cookchp
BayPort Credit Union,bayportcu
Cox Communications,cox_business_answers
Encompass Health Corporation,answers
Achievement First,answers-help-site
Catawba College,answers_catawba_college
Bank of American Forks / People's Intermountain Bank,answers
"VMware, Inc.",vmware-tanzu-answers-experience
AMResorts (#2),amresorts-answers
MedExpress,medexpressanswerstemplate
Yext,agent-desktop-v2
"Physicians East, P.A.",answers
Oaklawn Hospital,oaklawnHospitalAnswers
LKQ Corporation,lkqanswers
Diageo Great Britain Ltd,answers---us
Hutchison 3g UK Ltd,threeconfigapp
Springfield Clinic LLP,springfield_clinic_answers_experience
"Main Line Health, Inc.",fad-answers-updated
Citizens Telecom Services Company L.L.C. d/b/a Frontier Communications,frontier-communications-answers
LKQ Corporation - Pick Your Part,answers-starter
"Samsung SDS America, Inc.",samsung-support-answers
Culligan Water Company,culligan-answers-experience
Firstrust Corporation,answers
Towne Bank,townebank-answers
J Sainsbury PLC,sainsburys-answers
Cedars-Sinai Medical Center,cedars-sinai-answers-programs
Campbell Soup Company,campbells_canada_answers
Verizon Wireless,verizon-pages-for-answers
County of St Louis,answers
Telefonica (O2) UK Ltd,business-answers
L'Oreal PPD,kerastase-locator
Heartland Dental Care,answers
Canon Solutions America,canon-answers
Publix Employees Federal Credit Union,pefcu_answers
Eagles Landing Health,elfp_answers
"Chick-fil-A, Inc.",cfa-answers
"CASIO COMPUTER CO., LTD.",casio-answers-us
Police Credit Union of California,answers
Skyline Chili,answers
Marston's PLC,answers
St. Luke's,answers
Personio GmbH,answers-help-site
Akumin,answers
"Maxim Healthcare Staffing Services, Inc.",maxim-staffing-answers
"Entrata, Inc",entrata-answers
"Conyers, Inc.",answers
Vidyard,answers-help-site
Alpha 1 Marketing,ctown_answers
Cook Children's Medical Centers,cook_childrens
Borrego Community Health Foundation,bhanswers
Advance Financial,advancefinancial
The UPS Store,answers
Citizens Bank,citizensconfig
Rogue Credit Union,answers
Ameris Bank,answers
Slack,slack-answers-uk
"Guaranteed Rate, Inc.",guaranteed_rate
US Patent and Trademark Office,patent-finder
SalonCentric,answers
"Greenhouse Software, Inc.",answers---us
Hughes Federal Credit Union,answers
Campbell Soup Company,campbellsanswers
Focus Brands,answers
"FPMCM, LLC.",answers
Bankers Life and Casualty Company,answers
Teachers Credit Union,olb-faqs-answers
"Capital Health System, Inc.",capital_health_answers
"ThedaCare, Inc.",thedaCare_answers_experience
"AutoZone Parts, Inc.",AutoZone_Answers_Experience
Finish Line,dtlr_answers
"Teladoc Health, Inc.",answers-starter
Palmetto Goodwill,answers
Titus County Hospital District,answers
Bucknell University,answers
Neurosurgeons of New Jersey,nonj_answers_experience
Fevo,fevo-answers
Amoco Federal Credit Union,AMOCOanswers
Stillwater Medical Center Authority,stillwater_answers
Harland Clarke on behalf of Tri City National Bank,answers
"Harland Clarke for Centerstate Bank of Florida, National Association",centerstate_answers
The Cosmopolitan of Las Vegas,cosmopolitan-answers
Lazard Asset Management LLC.,answers-starter
Freeman Health System,answers
Outreach Corporation,answers-help-site
Cedars-Sinai Medical Center,cedars-sinai-answers-conditions
Yext,yextanswersconfig
Neighborhood Healthcare,nh-answers
UC San Diego Health System,ucsd_answers
Direct Line Insurance Group PLC,answers-directline
Valley Bank,answers
Cricket Wireless,mycricket-answers
Penn National Gaming,penn-national-gaming-locator
Showmars,answers-quickstart
Pavers Limited,answer-pavers
Slack,community-forum
Finance of America Mortgage LLC,foamortgage_answers_experience
Main Street Bank,main_street_bank_answers
RAW Wheels & Tires,raw-answers-experience
Foresight Mental Health,answers
Junk King Franchise Systems LLC,junk_king
"Ingersoll-Rand Industrial US, Inc.",ingersoll-rand-answers
Asda Stores Limited,grocery-answers
Physicians Mutual Insurance Company,physiciansmutual-answers
TDECU,answers_tdecu
"JPMorgan Chase Bank, N.A.",jpmc-advisor-search
Constellation Brands Inc.,answers
Hutchison 3g UK Ltd,threeconfigbusiness
The Parking Spot,answers-help-site
Banner Bank,banner_bank_answers